date,x1
197801,6.84
197802,6.43
197803,6.55
197804,6.5
197805,6.97
197806,7.41
197807,7.7
197808,7.84
197809,8.31
197810,8.93
197811,8.89
197812,9.02
197901,9.28
197902,9.86
197903,10.09
197904,10.49
197905,10.85
197906,10.89
197907,11.26
197908,11.82
197909,12.18
197910,12.07
197911,12.61
197912,13.29
198001,13.91
198002,14.18
198003,14.76
198004,14.73
198005,14.41
198006,14.38
198007,13.13
198008,12.87
198009,12.6
198010,12.77
198011,12.65
198012,12.52
198101,11.83
198102,11.41
198103,10.49
198104,10.0
198105,9.78
198106,9.55
198107,10.76
198108,10.8
198109,10.95
198110,10.14
198111,9.59
198112,8.92
198201,8.39
198202,7.62
198203,6.78
198204,6.51
198205,6.68
198206,7.06
198207,6.44
198208,5.85
198209,5.04
198210,5.14
198211,4.59
198212,3.83
198301,3.71
198302,3.49
198303,3.6
198304,3.9
198305,3.55
198306,2.58
198307,2.46
198308,2.56
198309,2.86
198310,2.85
198311,3.27
198312,3.79
198401,4.19
198402,4.6
198403,4.8
198404,4.56
198405,4.23
198406,4.22
198407,4.2
198408,4.29
198409,4.27
198410,4.26
198411,4.05
198412,3.95
198501,3.53
198502,3.52
198503,3.7
198504,3.69
198505,3.77
198506,3.76
198507,3.55
198508,3.35
198509,3.14
198510,3.23
198511,3.51
198512,3.8
198601,3.89
198602,3.11
198603,2.26
198604,1.59
198605,1.49
198606,1.77
198607,1.58
198608,1.57
198609,1.75
198610,1.47
198611,1.28
198612,1.1
198701,1.46
198702,2.1
198703,3.03
198704,3.78
198705,3.86
198706,3.65
198707,3.93
198708,4.28
198709,4.36
198710,4.53
198711,4.53
198712,4.43
198801,4.05
198802,3.94
198803,3.93
198804,3.9
198805,3.89
198806,3.96
198807,4.13
198808,4.02
198809,4.17
198810,4.25
198811,4.25
198812,4.42
198901,4.67
198902,4.83
198903,4.98
198904,5.12
198905,5.36
198906,5.17
198907,4.98
198908,4.71
198909,4.34
198910,4.49
198911,4.66
198912,4.65
199001,5.2
199002,5.26
199003,5.23
199004,4.71
199005,4.36
199006,4.67
199007,4.82
199008,5.62
199009,6.16
199010,6.29
199011,6.27
199012,6.11
199101,5.65
199102,5.31
199103,4.9
199104,4.89
199105,4.95
199106,4.7
199107,4.45
199108,3.8
199109,3.39
199110,2.92
199111,2.99
199112,3.06
199201,2.6
199202,2.82
199203,3.19
199204,3.18
199205,3.02
199206,3.09
199207,3.16
199208,3.15
199209,2.99
199210,3.2
199211,3.05
199212,2.9
199301,3.26
199302,3.25
199303,3.09
199304,3.23
199305,3.22
199306,3.0
199307,2.78
199308,2.77
199309,2.69
199310,2.75
199311,2.68
199312,2.75
199401,2.52
199402,2.52
199403,2.51
199404,2.36
199405,2.29
199406,2.49
199407,2.77
199408,2.9
199409,2.96
199410,2.61
199411,2.67
199412,2.67
199501,2.8
199502,2.86
199503,2.85
199504,3.05
199505,3.19
199506,3.04
199507,2.76
199508,2.62
199509,2.54
199510,2.81
199511,2.61
199512,2.54
199601,2.73
199602,2.65
199603,2.84
199604,2.9
199605,2.89
199606,2.75
199607,2.95
199608,2.88
199609,3.0
199610,2.99
199611,3.26
199612,3.32
199701,3.04
199702,3.03
199703,2.76
199704,2.5
199705,2.23
199706,2.3
199707,2.23
199708,2.23
199709,2.15
199710,2.08
199711,1.83
199712,1.7
199801,1.57
199802,1.44
199803,1.37
199804,1.44
199805,1.69
199806,1.68
199807,1.68
199808,1.62
199809,1.49
199810,1.49
199811,1.55
199812,1.61
199901,1.67
199902,1.61
199903,1.73
199904,2.28
199905,2.09
199906,1.96
199907,2.14
199908,2.26
199909,2.63
199910,2.56
199911,2.62
199912,2.68
200001,2.74
200002,3.22
200003,3.76
200004,3.07
200005,3.19
200006,3.73
200007,3.66
200008,3.41
200009,3.45
200010,3.45
200011,3.45
200012,3.39
200101,3.73
200102,3.53
200103,2.92
200104,3.27
200105,3.62
200106,3.25
200107,2.72
200108,2.72
200109,2.65
200110,2.13
200111,1.9
200112,1.55
200201,1.14
200202,1.14
200203,1.48
200204,1.64
200205,1.18
200206,1.07
200207,1.46
200208,1.8
200209,1.51
200210,2.03
200211,2.2
200212,2.38
200301,2.6
200302,2.98
200303,3.02
200304,2.22
200305,2.06
200306,2.11
200307,2.11
200308,2.16
200309,2.32
200310,2.04
200311,1.77
200312,1.88
200401,1.93
200402,1.69
200403,1.74
200404,2.29
200405,3.05
200406,3.27
200407,2.99
200408,2.65
200409,2.54
200410,3.19
200411,3.52
200412,3.26
200501,2.97
200502,3.01
200503,3.15
200504,3.51
200505,2.8
200506,2.53
200507,3.17
200508,3.64
200509,4.69
200510,4.35
200511,3.46
200512,3.42
200601,3.99
200602,3.6
200603,3.36
200604,3.55
200605,4.17
200606,4.32
200607,4.15
200608,3.82
200609,2.06
200610,1.31
200611,1.97
200612,2.54
200701,2.08
200702,2.42
200703,2.78
200704,2.57
200705,2.69
200706,2.69
200707,2.36
200708,1.97
200709,2.76
200710,3.54
200711,4.31
200712,4.08
200801,4.28
200802,4.03
200803,3.98
200804,3.94
200805,4.18
200806,5.02
200807,5.6
200808,5.37
200809,4.94
200810,3.66
200811,1.07
200812,0.09
200901,0.03
200902,0.24
200903,-0.38
200904,-0.74
200905,-1.28
200906,-1.43
200907,-2.1
200908,-1.48
200909,-1.29
200910,-0.18
200911,1.84
200912,2.72
201001,2.63
201002,2.14
201003,2.31
201004,2.24
201005,2.02
201006,1.05
201007,1.24
201008,1.15
201009,1.14
201010,1.17
201011,1.14
201012,1.5
201101,1.63
201102,2.11
201103,2.68
201104,3.16
201105,3.57
201106,3.56
201107,3.63
201108,3.77
201109,3.87
201110,3.53
201111,3.39
201112,2.96
201201,2.93
201202,2.87
201203,2.65
201204,2.3
201205,1.7
201206,1.66
201207,1.41
201208,1.69
201209,1.99
201210,2.16
201211,1.76
201212,1.74
201301,1.59
201302,1.98
201303,1.47
201304,1.06
201305,1.36
201306,1.75
201307,1.96
201308,1.52
201309,1.18
201310,0.96
201311,1.24
201312,1.5
201401,1.58
201402,1.13
201403,1.51
201404,1.95
201405,2.13
201406,2.07
201407,1.99
201408,1.7
201409,1.66
201410,1.66
201411,1.32
201412,0.76
201501,-0.09
201502,-0.03
201503,-0.07
201504,-0.2
201505,-0.04
201506,0.12
201507,0.17
201508,0.2
201509,-0.04
201510,0.17
201511,0.5
201512,0.73
201601,1.37
201602,1.02
201603,0.85
201604,1.13
201605,1.02
201606,1.0
201607,0.83
201608,1.06
201609,1.46
201610,1.64
201611,1.69
201612,2.07
201701,2.5
201702,2.74
201703,2.38
201704,2.2
201705,1.87
201706,1.63
201707,1.73
201708,1.94
201709,2.23
201710,2.04
201711,2.2
201712,2.11
201801,2.07
201802,2.21
201803,2.36
201804,2.46
201805,2.8
201806,2.87
201807,2.95
201808,2.7
201809,2.28
201810,2.52
201811,2.18
201812,1.91
201901,1.55
201902,1.52
201903,1.86
201904,2.0
201905,1.79
201906,1.65
201907,1.81
201908,1.75
201909,1.71
201910,1.76
201911,2.05
201912,2.29
202001,2.49
202002,2.33
202003,1.54
202004,0.33
202005,0.12
202006,0.65
202007,0.99
202008,1.31
202009,1.37
202010,1.18
202011,1.17
202012,1.36
202101,1.4
202102,1.68
202103,2.62
202104,4.16
202105,4.99
202106,5.39
202107,5.37
202108,5.25
202109,5.39
202110,6.22
202111,6.81
202112,7.04
202201,7.48
202202,7.87
202203,8.54
202204,8.26
202205,8.58
202206,9.06
202207,8.52
202208,8.26
202209,8.2
202210,7.75
202211,7.11
202212,6.45
202301,6.41
202302,6.04
202303,4.98
202304,4.93
